datum;kod;timmar
2026-08-31;INT-MOTE;1
2026-08-31;KUNDAB-INT;6
2026-08-31;BANKEN-ARK;1
2026-09-01;KUNDAB-INT;6
2026-09-01;BANKEN-ARK;2
2026-09-02;KUNDAB-INT;5
2026-09-02;BANKEN-ARK;3
2026-09-03;KUNDAB-INT;6
2026-09-03;INT-KOMP;1
2026-09-03;BANKEN-ARK;1
2026-09-04;KUNDAB-INT;6
2026-09-04;INT-MOTE;0,5
2026-09-04;BANKEN-ARK;1,5
2026-09-07;INT-MOTE;1
2026-09-07;KUNDAB-INT;6
2026-09-07;BANKEN-ARK;1
2026-09-08;KUNDAB-INT;6
2026-09-08;BANKEN-ARK;2
2026-09-09;KUNDAB-INT;5
2026-09-09;BANKEN-ARK;3
2026-09-10;KUNDAB-INT;6
2026-09-10;INT-KOMP;1
2026-09-10;BANKEN-ARK;1
2026-09-11;KUNDAB-INT;6
2026-09-11;INT-MOTE;0,5
2026-09-11;BANKEN-ARK;1,5
